param,mutual_info,n_mi,spearman_rho,p_value,n_sp,task,dataset,group_rows,abs_spearman
prm__momentum,0.4136188111788348,62212,0.03765508240367675,5.710961409770317e-21,62212,img-classification,cifar-100,62212,0.03765508240367675
prm__dropout,0.41074570259084364,46174,-0.06356949685608618,1.4647158559698597e-42,46174,img-classification,cifar-100,62212,0.06356949685608618
prm__lr,0.31682239366865694,62212,0.12076361163437235,9.175176431087017e-201,62212,img-classification,cifar-100,62212,0.12076361163437235
prm__batch,0.0847879256939148,62212,-0.03422618578256051,1.3522506432014922e-17,62212,img-classification,cifar-100,62212,0.03422618578256051
