param,mutual_info,n_mi,spearman_rho,p_value,n_sp,task,dataset,group_rows,abs_spearman
prm__momentum,0.4949743132537794,10596,0.04899993279935283,4.503630041192758e-07,10596,img-classification,places365,10596,0.04899993279935283
prm__lr,0.4175956395741718,10596,0.36945149655570253,0.0,10596,img-classification,places365,10596,0.36945149655570253
prm__dropout,0.3741528871236941,6277,-0.01889303348706536,0.13447558919390953,6277,img-classification,places365,10596,0.01889303348706536
prm__batch,0.08232179735837919,10596,0.028383204541933438,0.003478783344083153,10596,img-classification,places365,10596,0.028383204541933438
