param,mutual_info,n_mi,spearman_rho,p_value,n_sp,task,dataset,group_rows,abs_spearman
prm__lr,1.2200444223861586,5953,0.8735979416643966,0.0,5953,txt-generation,wikitext,5953,0.8735979416643966
prm__momentum,1.2051975300116808,5953,0.12274839683273152,2.006073266717004e-21,5953,txt-generation,wikitext,5953,0.12274839683273152
prm__batch,0.0119630354375031,5953,-0.01783405372303148,0.16887764259323174,5953,txt-generation,wikitext,5953,0.01783405372303148
