param,mutual_info,n_mi,spearman_rho,p_value,n_sp,task,dataset,group_rows,abs_spearman
prm__momentum,0.6242236535464905,47534,0.039579171782451704,6.0118611793557275e-18,47534,img-classification,celeba-gender,47534,0.039579171782451704
prm__lr,0.6015713056385712,47534,0.37941538940550273,0.0,47534,img-classification,celeba-gender,47534,0.37941538940550273
prm__dropout,0.5002601157187394,36386,-0.0215073718287574,4.0802227278963865e-05,36386,img-classification,celeba-gender,47534,0.0215073718287574
prm__batch,0.08058105019503436,47534,-0.2952158099357062,0.0,47534,img-classification,celeba-gender,47534,0.2952158099357062
