param,mutual_info,n_mi,spearman_rho,p_value,n_sp,task,dataset,group_rows,abs_spearman
prm__attention_dropout,1.1725601050528622,2389,-0.26675876467049514,3.325455054800958e-40,2389,img-classification,mnist,76210,0.26675876467049514
prm__lr,0.36873846627613993,76210,0.3948118149084907,0.0,76210,img-classification,mnist,76210,0.3948118149084907
prm__momentum,0.3007741166783999,76210,0.03727304648539428,7.5727502115601435e-25,76210,img-classification,mnist,76210,0.03727304648539428
prm__dropout,0.21755656758383513,57657,0.01232737831527531,0.0030755657202410423,57657,img-classification,mnist,76210,0.01232737831527531
prm__batch,0.03450238064381983,76210,-0.095190990120599,7.049894858655688e-153,76210,img-classification,mnist,76210,0.095190990120599
