param,mutual_info,n_mi,spearman_rho,p_value,n_sp,task,dataset,group_rows,abs_spearman
prm__momentum,0.5702800175306244,74753,0.0016856952987525798,0.6448857881073243,74753,img-classification,svhn,74753,0.0016856952987525798
prm__lr,0.5160814375093707,74753,0.22717101309693297,0.0,74753,img-classification,svhn,74753,0.22717101309693297
prm__dropout,0.4328128447579811,60547,-0.005429460230141803,0.18155857677480847,60547,img-classification,svhn,74753,0.005429460230141803
prm__batch,0.05172628580202243,74753,-0.15104660835829434,0.0,74753,img-classification,svhn,74753,0.15104660835829434
