param,mutual_info,n_mi,spearman_rho,p_value,n_sp,task,dataset,group_rows,abs_spearman
prm__momentum,0.19897364614919422,59037,-0.003736999638515898,0.36388742505378924,59037,img-classification,imagenette,59037,0.003736999638515898
prm__dropout,0.18625773869993179,43262,-0.01867166168240178,0.00010281865588791393,43262,img-classification,imagenette,59037,0.01867166168240178
prm__lr,0.18479598548375709,59037,0.09290812551167167,2.5827337239213517e-113,59037,img-classification,imagenette,59037,0.09290812551167167
prm__batch,0.05747416224786672,59037,-0.045327767848057504,3.0962088548380687e-28,59037,img-classification,imagenette,59037,0.045327767848057504
