param,mutual_info,n_mi,spearman_rho,p_value,n_sp,task,dataset,group_rows,abs_spearman
prm__weight_decay,0.861848161464251,9544,0.0949343652537827,1.4825794225998307e-20,9544,img-classification,cifar-10,119330,0.0949343652537827
prm__mixup_alpha,0.7420207701604862,2422,-0.04547786802165283,0.025211784686697856,2422,img-classification,cifar-10,119330,0.04547786802165283
prm__warmup_epochs,0.7328030160433352,2422,-0.09063304781668227,7.921588617477313e-06,2422,img-classification,cifar-10,119330,0.09063304781668227
prm__lr_schedule,0.724774777099003,5439,-0.06296057680239875,3.3702720014937085e-06,5439,img-classification,cifar-10,119330,0.06296057680239875
prm__momentum,0.4051126610461475,118936,0.10359183237104347,5.047393192690413e-281,118936,img-classification,cifar-10,119330,0.10359183237104347
prm__dropout,0.3888176244816739,83536,0.013669607459953539,7.782638236390236e-05,83536,img-classification,cifar-10,119330,0.013669607459953539
prm__lr,0.2885222805273342,119330,0.026037502806842017,2.34365946045638e-19,119330,img-classification,cifar-10,119330,0.026037502806842017
prm__batch,0.09721334794881242,119330,-0.11537755417995713,0.0,119330,img-classification,cifar-10,119330,0.11537755417995713
prm__epoch,0.0,7371,-0.028914675181267214,0.013044436837466396,7371,img-classification,cifar-10,119330,0.028914675181267214
