,corr,n,abs_corr
prm__steps_per_epoch,0.5774093328001476,58,0.5774093328001476
prm__batch,-0.3156704124000331,113,0.3156704124000331
prm__beta2,0.12956690020810188,100,0.12956690020810188
prm__beta1,-0.09298414874235121,110,0.09298414874235121
prm__lr,-0.06986594471993059,113,0.06986594471993059
