,corr,n,abs_corr
prm__lr,0.9029321334833146,126,0.9029321334833146
prm__momentum,0.3598800149981252,126,0.3598800149981252
prm__batch,-0.07269865868590474,126,0.07269865868590474
