,corr,n,abs_corr
prm__lr,0.6701544138764658,253,0.6701544138764658
prm__momentum,0.26428261516403,253,0.26428261516403
prm__batch,-0.04511965657800289,253,0.04511965657800289
