,corr,n,abs_corr
prm__lr,0.9106663685152058,129,0.9106663685152058
prm__momentum,0.3589054114490161,129,0.3589054114490161
prm__batch,-0.10629845954330888,129,0.10629845954330888
