,corr,n,abs_corr
prm__lr,0.9097383720930232,129,0.9097383720930232
prm__momentum,0.3656194096601073,129,0.3656194096601073
prm__batch,-0.10589155402557068,129,0.10589155402557068
