,corr,n,abs_corr
prm__lr,0.4088381334770888,245,0.4088381334770888
prm__momentum,0.23532723778944692,245,0.23532723778944692
prm__batch,0.006710731275821791,245,0.006710731275821791
