,corr,n,abs_corr
prm__lr,0.9139272940799659,131,0.9139272940799659
prm__momentum,0.3253029413334757,131,0.3253029413334757
prm__batch,-0.10129255422110323,131,0.10129255422110323
