,corr,n,abs_corr
prm__lr,0.8820398718288502,6324,0.8820398718288502
prm__momentum,0.34564804721864445,6324,0.34564804721864445
prm__batch,-0.07219002812332838,6324,0.07219002812332838
