,corr,n,abs_corr
prm__lr,0.5638967533415989,250,0.5638967533415989
prm__momentum,0.27213537382764424,250,0.27213537382764424
prm__batch,-0.026186553706387825,250,0.026186553706387825
