,corr,n,abs_corr
prm__lr,0.4887900264923744,250,0.4887900264923744
prm__momentum,0.256307350306988,250,0.256307350306988
prm__batch,-0.01014224138384853,250,0.01014224138384853
