,corr,n,abs_corr
prm__lr,0.4170037355307859,12277,0.4170037355307859
prm__momentum,0.2296801327199994,12277,0.2296801327199994
prm__batch,-0.000264814084938141,12277,0.000264814084938141
