epoch,corr,n
1,0.007852612503775294,43
2,-0.1927170868347339,35
3,-0.17675070028011206,35
4,-0.22324929971988797,35
5,-0.22100840336134453,35
