epoch,corr,n
1,-0.23255813953488372,43
2,-0.18095238095238095,35
3,-0.18403361344537816,35
4,-0.1927170868347339,35
5,-0.19131652661064424,35
