epoch,corr,n
1,0.03695557016203021,47
2,0.05266238025798821,33
3,0.055040849965509404,32
4,0.07448861695332272,32
5,0.0469380302919569,32
