epoch,corr,n
1,0.0854726668680157,43
2,0.06022408963585434,35
3,0.05630252100840336,35
4,0.046218487394957986,35
5,0.04873949579831933,35
