epoch,corr,n
1,-0.10833653489249147,50
2,-0.12043644060382455,43
3,-0.13055461178934963,43
4,-0.10971419949677559,43
5,-0.08238003554781981,43
