epoch,corr,n
1,-0.18834724498357705,43
2,-0.20821114369501467,32
3,-0.22580645161290322,32
4,-0.2283724340175953,32
5,-0.24637096774193548,31
